"Pattern","RelativePath","LineNumber","LineSnippet"
"soft-tree-fern","src\data\blogArchive.generated.json","93","""slug"": ""soft-tree-fern-hydration-guide-2026"","
"soft-tree-fern","src\data\blogPosts.ts","55","slug: ""soft-tree-fern-hydration-guide-2026"","
"soft-tree-fern","src\data\blogPosts.ts","56","oldUrl: ""https://www.savageldn.co.uk/post/soft-tree-fern-hydration-guide-2026"","
"soft-tree-fern","workflow\archive-migration-templates\blogPosts.ts","53","slug: ""soft-tree-fern-hydration-guide-2026"","
"soft-tree-fern","workflow\archive-migration-templates\blogPosts.ts","54","oldUrl: ""https://www.savageldn.co.uk/post/soft-tree-fern-hydration-guide-2026"","
"soft-tree-fern","workflow\archive-migration-templates\vercel.json","74","""source"": ""/post/soft-tree-fern-hydration-guide-2026"","
"soft-tree-fern","workflow\archive-migration-templates\vercel.json","75","""destination"": ""/blog/soft-tree-fern-hydration-guide-2026"","
"soft-tree-fern","vercel.json","74","""source"": ""/post/soft-tree-fern-hydration-guide-2026"","
"soft-tree-fern","vercel.json","75","""destination"": ""/blog/soft-tree-fern-hydration-guide-2026"","
