"RelativePath","LineNumber","Line"
"src\data\caseStudies.ts","52","      ""A compact plot requiring a coherent route through dense planting."","
"src\data\caseStudies.ts","56","      ""The archive records a herringbone route, informal gravel, mature foliage and warm lighting."","
"src\data\caseStudies.ts","74","        ""The gravel route under warm night lighting."","
"src\data\caseStudies.ts","262","      ""The long plot needed a stronger route and privacy."","
"src\data\caseStudies.ts","339","      ""The compact garden needed a calmer identity and slower route."","
"src\data\caseStudies.ts","341","      ""A pale gravel route moved through layered planting towards the seating."","
"src\data\caseStudies.ts","423","      ""A restrained front route was paired with raised planting and screened seating at the rear."","
"src\lib\lovable-error-reporting.ts","32","      route: window.location.pathname,"
"src\lib\portfolio-data.ts","82","      ""Completed high-altitude mountaineering and route planning in the Andes (4,750m) and Himalayas (3,210m)."","
"src\lib\portfolio-data.ts","116","      ""Redesigned delivery route logistics, cutting turnaround times and improving fleet utilisation."","
"src\lib\portfolio-data.ts","128","      ""Designed delivery route logistics and structured fleet scheduling, establishing a new revenue stream."","
"src\routes\[.mcp]\invoke-tool\$tool.ts","3","// route: /.mcp/invoke-tool/$tool"
"src\routes\[.mcp]\invoke-tool\$tool.ts","4","// emitted to: src/routes/[.mcp]/invoke-tool/$tool.ts"
"src\routes\[.mcp]\invoke-tool\$tool.ts","6","import { createFileRoute } from ""@tanstack/react-router"";"
"src\routes\[.mcp]\invoke-tool\$tool.ts","12","export const Route = createFileRoute(""/.mcp/invoke-tool/$tool"")({"
"src\routes\[.mcp]\list-tools.ts","3","// route: /.mcp/list-tools"
"src\routes\[.mcp]\list-tools.ts","4","// emitted to: src/routes/[.mcp]/list-tools.ts"
"src\routes\[.mcp]\list-tools.ts","6","import { createFileRoute } from ""@tanstack/react-router"";"
"src\routes\[.mcp]\list-tools.ts","12","export const Route = createFileRoute(""/.mcp/list-tools"")({"
"src\routes\[.well-known]\oauth-protected-resource.ts","3","// route: /.well-known/oauth-protected-resource"
"src\routes\[.well-known]\oauth-protected-resource.ts","4","// emitted to: src/routes/[.well-known]/oauth-protected-resource.ts"
"src\routes\[.well-known]\oauth-protected-resource.ts","6","import { createFileRoute } from ""@tanstack/react-router"";"
"src\routes\[.well-known]\oauth-protected-resource.ts","12","export const Route = createFileRoute(""/.well-known/oauth-protected-resource"")({"
"src\routes\__root.tsx","5","  createRootRouteWithContext,"
"src\routes\__root.tsx","6","  useRouter,"
"src\routes\__root.tsx","9","} from ""@tanstack/react-router"";"
"src\routes\__root.tsx","42","  const router = useRouter();"
"src\routes\__root.tsx","59","              router.invalidate();"
"src\routes\__root.tsx","78","export const Route = createRootRouteWithContext<{ queryClient: QueryClient }>()({"
"src\routes\__root.tsx","127","  const { queryClient } = Route.useRouteContext();"
"src\routes\__root.tsx","275","        {/* Dynamic Route Pages Render Here */}"
"src\routes\blog.$slug.tsx","1","import { createFileRoute, Link, notFound } from ""@tanstack/react-router"";"
"src\routes\blog.$slug.tsx","8","export const Route = createFileRoute(""/blog/$slug"")({"
"src\routes\blog.$slug.tsx","30","  const post = Route.useLoaderData();"
"src\routes\blog.index.tsx","1","import { createFileRoute, Link } from ""@tanstack/react-router"";"
"src\routes\blog.index.tsx","10","export const Route = createFileRoute(""/blog/"")({"
"src\routes\case-studies.$slug.tsx","1","import { createFileRoute, Link, notFound } from ""@tanstack/react-router"";"
"src\routes\case-studies.$slug.tsx","7","export const Route = createFileRoute(""/case-studies/$slug"")({"
"src\routes\case-studies.$slug.tsx","29","  const study = Route.useLoaderData();"
"src\routes\case-studies.index.tsx","1","import { createFileRoute, Link } from ""@tanstack/react-router"";"
"src\routes\case-studies.index.tsx","9","export const Route = createFileRoute(""/case-studies/"")({"
"src\routes\faq.tsx","1","import { createFileRoute, Link } from ""@tanstack/react-router"";"
"src\routes\faq.tsx","3","export const Route = createFileRoute(""/faq"")({"
"src\routes\faq.tsx","41","              text: ""No. This is not a current trading website, active service page, booking channel, quotation route, sales funnel or client enquiry route."","
"src\routes\faq.tsx","117","            website, quote route, booking channel, service catalogue, or invitation to commission"
"src\routes\faq.tsx","216","                quotation route, sales funnel or client enquiry route."
"src\routes\index.tsx","2","import { createFileRoute, Link } from ""@tanstack/react-router"";"
"src\routes\index.tsx","30","export const Route = createFileRoute(""/"")({"
"src\routes\mcp.ts","3","// route: /mcp"
"src\routes\mcp.ts","4","// emitted to: src/routes/mcp.ts"
"src\routes\mcp.ts","6","import { createFileRoute } from ""@tanstack/react-router"";"
"src\routes\mcp.ts","12","export const Route = createFileRoute(""/mcp"")({"
"src\routes\privacy-policy.tsx","1","import { createFileRoute, Link } from ""@tanstack/react-router"";"
"src\routes\privacy-policy.tsx","3","export const Route = createFileRoute(""/privacy-policy"")({"
"src\routes\sitemap[.]xml.ts","1","import { createFileRoute } from ""@tanstack/react-router"";"
"src\routes\sitemap[.]xml.ts","15","export const Route = createFileRoute(""/sitemap.xml"")({"
"src\router.tsx","2","import { createRouter } from ""@tanstack/react-router"";"
"src\router.tsx","3","import { routeTree } from ""./routeTree.gen"";"
"src\router.tsx","5","export const getRouter = () => {"
"src\router.tsx","8","  const router = createRouter({"
"src\router.tsx","9","    routeTree,"
"src\router.tsx","15","  return router;"
"src\routeTree.gen.ts","7","// This file was automatically generated by TanStack Router."
"src\routeTree.gen.ts","11","import { Route as rootRouteImport } from './routes/__root'"
"src\routeTree.gen.ts","12","import { Route as IndexRouteImport } from './routes/index'"
"src\routeTree.gen.ts","13","import { Route as FaqRouteImport } from './routes/faq'"
"src\routeTree.gen.ts","14","import { Route as McpRouteImport } from './routes/mcp'"
"src\routeTree.gen.ts","15","import { Route as PrivacyPolicyRouteImport } from './routes/privacy-policy'"
"src\routeTree.gen.ts","16","import { Route as SitemapDotxmlRouteImport } from './routes/sitemap[.]xml'"
"src\routeTree.gen.ts","17","import { Route as Char91DotmcpChar93ListToolsRouteImport } from './routes/[.mcp]/list-tools'"
"src\routeTree.gen.ts","18","import { Route as Char91DotwellKnownChar93OauthProtectedResourceRouteImport } from './routes/[.well-known]/oauth-protected-resource'"
"src\routeTree.gen.ts","19","import { Route as BlogIndexRouteImport } from './routes/blog.index'"
"src\routeTree.gen.ts","20","import { Route as BlogSlugRouteImport } from './routes/blog.$slug'"
"src\routeTree.gen.ts","21","import { Route as CaseStudiesIndexRouteImport } from './routes/case-studies.index'"
"src\routeTree.gen.ts","22","import { Route as CaseStudiesSlugRouteImport } from './routes/case-studies.$slug'"
"src\routeTree.gen.ts","23","import { Route as Char91DotmcpChar93InvokeToolToolRouteImport } from './routes/[.mcp]/invoke-tool/$tool'"
"src\routeTree.gen.ts","25","const IndexRoute = IndexRouteImport.update({"
"src\routeTree.gen.ts","28","  getParentRoute: () => rootRouteImport,"
"src\routeTree.gen.ts","30","const FaqRoute = FaqRouteImport.update({"
"src\routeTree.gen.ts","33","  getParentRoute: () => rootRouteImport,"
"src\routeTree.gen.ts","35","const McpRoute = McpRouteImport.update({"
"src\routeTree.gen.ts","38","  getParentRoute: () => rootRouteImport,"
"src\routeTree.gen.ts","40","const PrivacyPolicyRoute = PrivacyPolicyRouteImport.update({"
"src\routeTree.gen.ts","43","  getParentRoute: () => rootRouteImport,"
"src\routeTree.gen.ts","45","const SitemapDotxmlRoute = SitemapDotxmlRouteImport.update({"
"src\routeTree.gen.ts","48","  getParentRoute: () => rootRouteImport,"
"src\routeTree.gen.ts","50","const Char91DotmcpChar93ListToolsRoute ="
"src\routeTree.gen.ts","51","  Char91DotmcpChar93ListToolsRouteImport.update({"
"src\routeTree.gen.ts","54","    getParentRoute: () => rootRouteImport,"
"src\routeTree.gen.ts","56","const Char91DotwellKnownChar93OauthProtectedResourceRoute ="
"src\routeTree.gen.ts","57","  Char91DotwellKnownChar93OauthProtectedResourceRouteImport.update({"
"src\routeTree.gen.ts","60","    getParentRoute: () => rootRouteImport,"
"src\routeTree.gen.ts","62","const BlogIndexRoute = BlogIndexRouteImport.update({"
"src\routeTree.gen.ts","65","  getParentRoute: () => rootRouteImport,"
"src\routeTree.gen.ts","67","const BlogSlugRoute = BlogSlugRouteImport.update({"
"src\routeTree.gen.ts","70","  getParentRoute: () => rootRouteImport,"
"src\routeTree.gen.ts","72","const CaseStudiesIndexRoute = CaseStudiesIndexRouteImport.update({"
"src\routeTree.gen.ts","75","  getParentRoute: () => rootRouteImport,"
"src\routeTree.gen.ts","77","const CaseStudiesSlugRoute = CaseStudiesSlugRouteImport.update({"
"src\routeTree.gen.ts","80","  getParentRoute: () => rootRouteImport,"
"src\routeTree.gen.ts","82","const Char91DotmcpChar93InvokeToolToolRoute ="
"src\routeTree.gen.ts","83","  Char91DotmcpChar93InvokeToolToolRouteImport.update({"
"src\routeTree.gen.ts","86","    getParentRoute: () => rootRouteImport,"
"src\routeTree.gen.ts","89","export interface FileRoutesByFullPath {"
"src\routeTree.gen.ts","90","  '/': typeof IndexRoute"
"src\routeTree.gen.ts","91","  '/faq': typeof FaqRoute"
"src\routeTree.gen.ts","92","  '/mcp': typeof McpRoute"
"src\routeTree.gen.ts","93","  '/privacy-policy': typeof PrivacyPolicyRoute"
"src\routeTree.gen.ts","94","  '/sitemap.xml': typeof SitemapDotxmlRoute"
"src\routeTree.gen.ts","95","  '/.mcp/list-tools': typeof Char91DotmcpChar93ListToolsRoute"
"src\routeTree.gen.ts","96","  '/.well-known/oauth-protected-resource': typeof Char91DotwellKnownChar93OauthProtectedResourceRoute"
"src\routeTree.gen.ts","97","  '/blog/$slug': typeof BlogSlugRoute"
"src\routeTree.gen.ts","98","  '/case-studies/$slug': typeof CaseStudiesSlugRoute"
"src\routeTree.gen.ts","99","  '/blog/': typeof BlogIndexRoute"
"src\routeTree.gen.ts","100","  '/case-studies/': typeof CaseStudiesIndexRoute"
"src\routeTree.gen.ts","101","  '/.mcp/invoke-tool/$tool': typeof Char91DotmcpChar93InvokeToolToolRoute"
"src\routeTree.gen.ts","103","export interface FileRoutesByTo {"
"src\routeTree.gen.ts","104","  '/': typeof IndexRoute"
"src\routeTree.gen.ts","105","  '/faq': typeof FaqRoute"
"src\routeTree.gen.ts","106","  '/mcp': typeof McpRoute"
"src\routeTree.gen.ts","107","  '/privacy-policy': typeof PrivacyPolicyRoute"
"src\routeTree.gen.ts","108","  '/sitemap.xml': typeof SitemapDotxmlRoute"
"src\routeTree.gen.ts","109","  '/.mcp/list-tools': typeof Char91DotmcpChar93ListToolsRoute"
"src\routeTree.gen.ts","110","  '/.well-known/oauth-protected-resource': typeof Char91DotwellKnownChar93OauthProtectedResourceRoute"
"src\routeTree.gen.ts","111","  '/blog/$slug': typeof BlogSlugRoute"
"src\routeTree.gen.ts","112","  '/case-studies/$slug': typeof CaseStudiesSlugRoute"
"src\routeTree.gen.ts","113","  '/blog': typeof BlogIndexRoute"
"src\routeTree.gen.ts","114","  '/case-studies': typeof CaseStudiesIndexRoute"
"src\routeTree.gen.ts","115","  '/.mcp/invoke-tool/$tool': typeof Char91DotmcpChar93InvokeToolToolRoute"
"src\routeTree.gen.ts","117","export interface FileRoutesById {"
"src\routeTree.gen.ts","118","  __root__: typeof rootRouteImport"
"src\routeTree.gen.ts","119","  '/': typeof IndexRoute"
"src\routeTree.gen.ts","120","  '/faq': typeof FaqRoute"
"src\routeTree.gen.ts","121","  '/mcp': typeof McpRoute"
"src\routeTree.gen.ts","122","  '/privacy-policy': typeof PrivacyPolicyRoute"
"src\routeTree.gen.ts","123","  '/sitemap.xml': typeof SitemapDotxmlRoute"
"src\routeTree.gen.ts","124","  '/.mcp/list-tools': typeof Char91DotmcpChar93ListToolsRoute"
"src\routeTree.gen.ts","125","  '/.well-known/oauth-protected-resource': typeof Char91DotwellKnownChar93OauthProtectedResourceRoute"
"src\routeTree.gen.ts","126","  '/blog/$slug': typeof BlogSlugRoute"
"src\routeTree.gen.ts","127","  '/case-studies/$slug': typeof CaseStudiesSlugRoute"
"src\routeTree.gen.ts","128","  '/blog/': typeof BlogIndexRoute"
"src\routeTree.gen.ts","129","  '/case-studies/': typeof CaseStudiesIndexRoute"
"src\routeTree.gen.ts","130","  '/.mcp/invoke-tool/$tool': typeof Char91DotmcpChar93InvokeToolToolRoute"
"src\routeTree.gen.ts","132","export interface FileRouteTypes {"
"src\routeTree.gen.ts","133","  fileRoutesByFullPath: FileRoutesByFullPath"
"src\routeTree.gen.ts","147","  fileRoutesByTo: FileRoutesByTo"
"src\routeTree.gen.ts","175","  fileRoutesById: FileRoutesById"
"src\routeTree.gen.ts","177","export interface RootRouteChildren {"
"src\routeTree.gen.ts","178","  IndexRoute: typeof IndexRoute"
"src\routeTree.gen.ts","179","  FaqRoute: typeof FaqRoute"
"src\routeTree.gen.ts","180","  McpRoute: typeof McpRoute"
"src\routeTree.gen.ts","181","  PrivacyPolicyRoute: typeof PrivacyPolicyRoute"
"src\routeTree.gen.ts","182","  SitemapDotxmlRoute: typeof SitemapDotxmlRoute"
"src\routeTree.gen.ts","183","  Char91DotmcpChar93ListToolsRoute: typeof Char91DotmcpChar93ListToolsRoute"
"src\routeTree.gen.ts","184","  Char91DotwellKnownChar93OauthProtectedResourceRoute: typeof Char91DotwellKnownChar93OauthProtectedResourceRoute"
"src\routeTree.gen.ts","185","  BlogSlugRoute: typeof BlogSlugRoute"
"src\routeTree.gen.ts","186","  CaseStudiesSlugRoute: typeof CaseStudiesSlugRoute"
"src\routeTree.gen.ts","187","  BlogIndexRoute: typeof BlogIndexRoute"
"src\routeTree.gen.ts","188","  CaseStudiesIndexRoute: typeof CaseStudiesIndexRoute"
"src\routeTree.gen.ts","189","  Char91DotmcpChar93InvokeToolToolRoute: typeof Char91DotmcpChar93InvokeToolToolRoute"
"src\routeTree.gen.ts","192","declare module '@tanstack/react-router' {"
"src\routeTree.gen.ts","193","  interface FileRoutesByPath {"
"src\routeTree.gen.ts","198","      preLoaderRoute: typeof IndexRouteImport"
"src\routeTree.gen.ts","199","      parentRoute: typeof rootRouteImport"
"src\routeTree.gen.ts","205","      preLoaderRoute: typeof FaqRouteImport"
"src\routeTree.gen.ts","206","      parentRoute: typeof rootRouteImport"
"src\routeTree.gen.ts","212","      preLoaderRoute: typeof McpRouteImport"
"src\routeTree.gen.ts","213","      parentRoute: typeof rootRouteImport"
"src\routeTree.gen.ts","219","      preLoaderRoute: typeof PrivacyPolicyRouteImport"
"src\routeTree.gen.ts","220","      parentRoute: typeof rootRouteImport"
"src\routeTree.gen.ts","226","      preLoaderRoute: typeof SitemapDotxmlRouteImport"
"src\routeTree.gen.ts","227","      parentRoute: typeof rootRouteImport"
"src\routeTree.gen.ts","233","      preLoaderRoute: typeof Char91DotmcpChar93ListToolsRouteImport"
"src\routeTree.gen.ts","234","      parentRoute: typeof rootRouteImport"
"src\routeTree.gen.ts","240","      preLoaderRoute: typeof Char91DotwellKnownChar93OauthProtectedResourceRouteImport"
"src\routeTree.gen.ts","241","      parentRoute: typeof rootRouteImport"
"src\routeTree.gen.ts","247","      preLoaderRoute: typeof BlogIndexRouteImport"
"src\routeTree.gen.ts","248","      parentRoute: typeof rootRouteImport"
"src\routeTree.gen.ts","254","      preLoaderRoute: typeof BlogSlugRouteImport"
"src\routeTree.gen.ts","255","      parentRoute: typeof rootRouteImport"
"src\routeTree.gen.ts","261","      preLoaderRoute: typeof CaseStudiesIndexRouteImport"
"src\routeTree.gen.ts","262","      parentRoute: typeof rootRouteImport"
"src\routeTree.gen.ts","268","      preLoaderRoute: typeof CaseStudiesSlugRouteImport"
"src\routeTree.gen.ts","269","      parentRoute: typeof rootRouteImport"
"src\routeTree.gen.ts","275","      preLoaderRoute: typeof Char91DotmcpChar93InvokeToolToolRouteImport"
"src\routeTree.gen.ts","276","      parentRoute: typeof rootRouteImport"
"src\routeTree.gen.ts","281","const rootRouteChildren: RootRouteChildren = {"
"src\routeTree.gen.ts","282","  IndexRoute: IndexRoute,"
"src\routeTree.gen.ts","283","  FaqRoute: FaqRoute,"
"src\routeTree.gen.ts","284","  McpRoute: McpRoute,"
"src\routeTree.gen.ts","285","  PrivacyPolicyRoute: PrivacyPolicyRoute,"
"src\routeTree.gen.ts","286","  SitemapDotxmlRoute: SitemapDotxmlRoute,"
"src\routeTree.gen.ts","287","  Char91DotmcpChar93ListToolsRoute: Char91DotmcpChar93ListToolsRoute,"
"src\routeTree.gen.ts","288","  Char91DotwellKnownChar93OauthProtectedResourceRoute:"
"src\routeTree.gen.ts","289","    Char91DotwellKnownChar93OauthProtectedResourceRoute,"
"src\routeTree.gen.ts","290","  BlogSlugRoute: BlogSlugRoute,"
"src\routeTree.gen.ts","291","  CaseStudiesSlugRoute: CaseStudiesSlugRoute,"
"src\routeTree.gen.ts","292","  BlogIndexRoute: BlogIndexRoute,"
"src\routeTree.gen.ts","293","  CaseStudiesIndexRoute: CaseStudiesIndexRoute,"
"src\routeTree.gen.ts","294","  Char91DotmcpChar93InvokeToolToolRoute: Char91DotmcpChar93InvokeToolToolRoute,"
"src\routeTree.gen.ts","296","export const routeTree = rootRouteImport"
"src\routeTree.gen.ts","297","  ._addFileChildren(rootRouteChildren)"
"src\routeTree.gen.ts","298","  ._addFileTypes<FileRouteTypes>()"
"src\routeTree.gen.ts","300","import type { getRouter } from './router.tsx'"
"src\routeTree.gen.ts","305","    router: Awaited<ReturnType<typeof getRouter>>"
